,Max_depth,Train_accuracy,Test_accuracy
0,1,0.8686914423043433,0.8676960585127996
1,3,0.8710250426665738,0.8690776107273466
2,5,0.8772944167740587,0.8707842340511986
3,9,0.8928981923304656,0.8661519707436002
4,,0.9997213611507785,0.8095083299471759
