,Max_depth,Train_accuracy,Test_accuracy
0,1,0.8699104872696876,0.8648516863063795
1,3,0.8725575563372924,0.8661519707436002
2,5,0.8778516944725018,0.8718407151564405
3,9,0.8922015952074118,0.8687525396180414
4,,0.9997561910069311,0.8160097521332792
