,count,mean,std,min,25%,50%,75%,max,missing_data_counts
fulfillment_labor_materials,353151.0,32.22031085852794,2.48430905092249,30.0,30.0,30.0,35.0,35.0,0
total_price_excluding_optional_support,353151.0,531.3723721014524,844.0693637648261,37.03,288.75,427.27,606.72,139725.41,0
total_price_including_optional_support,353151.0,625.1439643665174,993.0227800395188,43.56,339.71,502.67,713.79,164382.84,0
students_reached,353050.0,94.1871689562385,156.98740526745027,1.0,23.0,31.0,100.0,12143.0,101
great_messages_proportion,296892.0,51.768963124637914,34.6855364295408,0.0,25.0,50.0,80.0,100.0,56259
teacher_referred_count,306905.0,1.2159788859744871,2.6724194254768117,0.0,0.0,0.0,2.0,151.0,46246
non_teacher_referred_count,306905.0,4.718209217836138,6.087815243093774,0.0,1.0,3.0,6.0,304.0,46246
